location,mean_pinball_loss
offshore_1_hr,251.57984444571306
offshore_24_hr,308.74750128181284
onshore_1_hr,525.6319816700442
onshore_24_hr,1311.2214345393106
photovoltaic_1_hr,203.09136162328278
photovoltaic_24_hr,326.05624234489477
wind_total_1_hr,635.8649531374873
wind_total_24_hr,1489.6310778674451
